26,35,16,10,10,9,5,4,7,3,6,-3,1,1,0,0
35,16,34,10,9,7,4,7,6,6,-3,-3,1,0,0,1
16,34,19,9,7,4,7,6,12,-3,-3,26,0,0,1,1
34,19,38,7,4,8,6,12,5,-3,26,6,0,1,1,1
19,38,29,4,8,4,12,5,6,26,6,10,1,1,1,1
38,29,32,8,4,7,5,6,7,6,10,16,1,1,1,1
29,32,37,4,7,9,6,7,6,10,16,12,1,1,1,0
32,37,20,7,9,5,7,6,4,16,12,-22,1,1,0,1
37,20,15,9,5,1,6,4,9,12,-22,3,1,0,1,0
20,15,30,5,1,10,4,9,8,-22,3,-7,0,1,0,0
15,30,30,1,10,7,9,8,5,3,-7,1,1,0,0,1
30,30,25,10,7,4,8,5,11,-7,1,2,0,0,1,0
30,25,27,7,4,7,5,11,6,1,2,-4,0,1,0,1
25,27,31,4,7,7,11,6,8,2,-4,8,1,0,1,0
27,31,21,7,7,5,6,8,4,-4,8,-13,0,1,0,1
31,21,26,7,5,6,8,4,10,8,-13,2,1,0,1,1
21,26,27,5,6,7,4,10,6,-13,2,28,0,1,1,0
26,27,15,6,7,7,10,6,6,2,28,-4,1,1,0,1
27,15,22,7,7,8,6,6,7,28,-4,3,1,0,1,1
15,22,22,7,8,9,6,7,7,-4,3,22,0,1,1,0
22,22,29,8,9,5,7,7,5,3,22,-7,1,1,0,0
22,29,37,9,5,1,7,5,8,22,-7,8,1,0,0,0
29,37,26,5,1,10,5,8,5,-7,8,-20,0,0,0,1
37,26,32,1,10,7,8,5,1,8,-20,3,0,0,1,1
26,32,27,10,7,9,5,1,3,-20,3,23,0,1,1,1
32,27,32,7,9,4,1,3,5,3,23,11,1,1,1,0
27,32,33,9,4,9,3,5,3,23,11,6,1,1,0,1
32,33,19,4,9,5,5,3,5,11,6,5,1,0,1,1
33,19,32,9,5,6,3,5,4,6,5,3,0,1,1,1
19,32,8,5,6,5,5,4,9,5,3,9,1,1,1,1
32,8,19,6,5,13,4,9,4,3,9,4,1,1,1,1
8,19,34,5,13,4,9,4,7,9,4,13,1,1,1,0
19,34,34,13,4,6,4,7,6,4,13,-20,1,1,0,1
34,34,28,4,6,6,7,6,6,13,-20,14,1,0,1,0
34,28,30,6,6,7,6,6,8,-20,14,-7,0,1,0,0
28,30,23,6,7,6,6,8,2,14,-7,-24,1,0,0,0
30,23,30,7,6,10,8,2,10,-7,-24,-3,0,0,0,1
23,30,32,6,10,7,2,10,5,-24,-3,5,0,0,1,0
30,32,18,10,7,4,10,5,5,-3,5,-2,0,1,0,0
32,18,39,7,4,10,5,5,5,5,-2,-8,1,0,0,0
18,39,30,4,10,9,5,5,5,-2,-8,-8,0,0,0,0
39,30,17,10,9,6,5,5,9,-8,-8,-12,0,0,0,1
30,17,18,9,6,10,5,9,3,-8,-12,17,0,0,1,0
17,18,21,6,10,5,9,3,6,-12,17,-12,0,1,0,1
18,21,11,10,5,7,3,6,3,17,-12,15,1,0,1,1
21,11,29,5,7,7,6,3,6,-12,15,22,0,1,1,1
11,29,18,7,7,8,3,6,5,15,22,3,1,1,1,0
29,18,23,7,8,10,6,5,4,22,3,10,1,1,0,1
18,23,38,8,10,4,5,4,3,3,10,4,1,0,1,1
23,38,29,10,4,4,4,3,2,10,4,5,0,1,1,0
38,29,29,4,4,7,3,2,2,4,5,3,1,1,0,0
29,29,29,4,7,3,2,2,7,5,3,6,1,0,0,1
29,29,35,7,3,5,2,7,8,3,6,16,0,0,1,0
29,35,39,3,5,3,7,8,5,6,16,-2,0,1,0,1
35,39,36,5,3,5,8,5,6,16,-2,23,1,0,1,1
39,36,32,3,5,12,5,6,8,-2,23,-1,0,1,1,1
36,32,41,5,12,7,6,8,8,23,-1,8,1,1,1,1
32,41,32,12,7,8,8,8,9,-1,8,15,1,1,1,1
41,32,26,7,8,7,8,9,6,8,15,23,1,1,1,1
32,26,29,8,7,6,9,6,4,15,23,35,1,1,1,1
26,29,24,7,6,17,6,4,9,23,35,7,1,1,1,0
29,24,37,6,17,6,4,9,6,35,7,-5,1,1,0,0
24,37,31,17,6,6,9,6,4,7,-5,-6,1,0,0,1
37,31,21,6,6,3,6,4,10,-5,-6,19,0,0,1,0
31,21,18,6,3,3,4,10,8,-6,19,-13,0,1,0,1
21,18,26,3,3,7,10,8,6,19,-13,11,1,0,1,0
18,26,24,3,7,6,8,6,7,-13,11,3,0,1,0,1
26,24,39,7,6,5,6,7,9,11,3,4,1,0,1,1
24,39,31,6,5,12,7,9,6,3,4,21,0,1,1,0
39,31,35,5,12,9,9,6,5,4,21,3,1,1,0,1
31,35,25,12,9,6,6,5,5,21,3,5,1,0,1,0
35,25,20,9,6,5,5,5,6,3,5,-11,0,1,0,1
25,20,35,6,5,8,5,6,4,5,-11,21,1,0,1,1
20,35,23,5,8,5,6,4,6,-11,21,25,0,1,1,1
35,23,18,8,5,5,4,6,6,21,25,-4,1,1,1,1
23,18,24,5,5,5,6,6,9,25,-4,22,1,1,1,1
18,24,45,5,5,7,6,9,7,-4,22,4,1,1,1,0
24,45,27,5,7,5,9,7,8,22,4,-18,1,1,0,1
45,27,24,7,5,13,7,8,9,4,-18,4,1,0,1,0
27,24,32,5,13,15,8,9,13,-18,4,4,0,1,0,1
24,32,26,13,15,4,9,13,4,4,4,-1,1,0,1,0
32,26,39,15,4,13,13,4,14,4,-1,2,0,1,0,1
26,39,40,4,13,10,4,14,9,-1,2,13,1,0,1,0
39,40,34,13,10,7,14,9,7,2,13,-2,0,1,0,1
40,34,45,10,7,8,9,7,5,13,-2,14,1,0,1,1
34,45,37,7,8,12,7,5,12,-2,14,7,0,1,1,1
45,37,38,8,12,4,5,12,13,14,7,14,1,1,1,0
37,38,29,12,4,6,12,13,8,7,14,6,1,1,0,0
38,29,21,4,6,6,13,8,6,14,6,5,1,0,0,1
29,21,31,6,6,8,8,6,5,6,5,6,0,0,1,0
21,31,25,6,8,5,6,5,8,5,6,-12,0,1,0,0
31,25,21,8,5,5,5,8,6,6,-12,-18,1,0,0,1
25,21,36,5,5,5,8,6,6,-12,-18,7,0,0,1,1
21,36,24,5,5,8,6,6,10,-18,7,7,0,1,1,1
36,24,39,5,8,11,6,10,8,7,7,-1,1,1,1,0
24,39,31,8,11,10,10,8,6,7,-1,-7,1,1,0,1
39,31,31,11,10,19,8,6,8,-1,-7,-2,1,0,1,1
31,31,51,10,19,8,6,8,9,-7,-2,10,0,1,1,1
31,51,28,19,8,3,8,9,5,-2,10,12,1,1,1,0
51,28,36,8,3,7,9,5,5,10,12,-12,1,1,0,1
28,36,41,3,7,9,5,5,4,12,-12,-3,1,0,1,1
36,41,37,7,9,14,5,4,4,-12,-3,3,0,1,1,1
41,37,28,9,14,11,4,4,7,-3,3,15,1,1,1,1
37,28,33,14,11,9,4,7,12,3,15,12,1,1,1,0
28,33,32,11,9,7,7,12,6,15,12,-11,1,1,0,1
33,32,26,9,7,11,12,6,7,12,-11,5,1,0,1,1
32,26,29,7,11,7,6,7,10,-11,5,10,0,1,1,0
26,29,39,11,7,6,7,10,9,5,10,-1,1,1,0,0
29,39,26,7,6,13,10,9,11,10,-1,-8,1,0,0,1
39,26,31,6,13,14,9,11,12,-1,-8,14,0,0,1,1
26,31,33,13,14,15,11,12,8,-8,14,2,0,1,1,1
31,33,25,14,15,7,12,8,11,14,2,19,1,1,1,1
33,25,30,15,7,8,8,11,13,2,19,12,1,1,1,1
25,30,37,7,8,6,11,13,6,19,12,21,1,1,1,1
30,37,50,8,6,8,13,6,10,12,21,11,1,1,1,1
37,50,24,6,8,10,6,10,11,21,11,10,1,1,1,0
50,24,42,8,10,11,10,11,7,11,10,-4,1,1,0,0
24,42,25,10,11,7,11,7,7,10,-4,3,1,0,0,1
42,25,33,11,7,7,7,7,10,-4,3,17,0,0,1,0
25,33,30,7,7,9,7,10,6,3,17,-7,0,1,0,1
33,30,30,7,9,7,10,6,6,17,-7,15,1,0,1,1
30,30,29,9,7,12,6,6,5,-7,15,-3,0,1,1,0
30,29,21,7,12,3,6,5,8,15,-3,-3,1,1,0,1
29,21,26,12,3,9,5,8,9,-3,-3,7,1,0,1,0
21,26,17,3,9,7,8,9,9,-3,7,-15,0,1,0,1
26,17,27,9,7,4,9,9,5,7,-15,-5,1,0,1,0
17,27,15,7,4,7,9,5,13,-15,-5,-8,0,1,0,1
27,15,27,4,7,9,5,13,8,-5,-8,-3,1,0,1,1
15,27,41,7,9,13,13,8,4,-8,-3,12,0,1,1,1
27,41,41,9,13,5,8,4,6,-3,12,11,1,1,1,1
41,41,22,13,5,8,4,6,11,12,11,14,1,1,1,1
41,22,38,5,8,5,6,11,7,11,14,33,1,1,1,0
22,38,25,8,5,6,11,7,6,14,33,-5,1,1,0,1
38,25,32,5,6,7,7,6,5,33,-5,7,1,0,1,1
25,32,11,6,7,8,6,5,11,-5,7,32,0,1,1,1
32,11,29,7,8,4,5,11,5,7,32,-1,1,1,1,0
11,29,33,8,4,6,11,5,9,32,-1,0,1,1,0,1
29,33,32,4,6,6,5,9,3,-1,0,22,1,0,1,1
33,32,33,6,6,10,9,3,8,0,22,14,0,1,1,1
32,33,31,6,10,4,3,8,7,22,14,16,1,1,1,1
33,31,27,10,4,9,8,7,5,14,16,13,1,1,1,1
31,27,18,4,9,5,7,5,6,16,13,-4,1,1,1,1
27,18,33,9,5,6,5,6,9,13,-4,8,1,1,1,0
18,33,38,5,6,2,6,9,7,-4,8,-6,1,1,0,0
33,38,30,6,2,6,9,7,10,8,-6,0,1,0,0,1
38,30,30,2,6,11,7,10,10,-6,0,21,0,0,1,0
30,30,28,6,11,14,10,10,7,0,21,2,0,1,0,1
30,28,29,11,14,14,10,7,7,21,2,19,1,0,1,0
28,29,23,14,14,9,7,7,4,2,19,-11,0,1,0,1
29,23,34,14,9,7,7,4,14,19,-11,14,1,0,1,1
23,34,32,9,7,9,4,14,8,-11,14,12,0,1,1,1
34,32,33,7,9,14,14,8,9,14,12,16,1,1,1,1
32,33,23,9,14,15,8,9,11,12,16,6,1,1,1,0
33,23,23,14,15,8,9,11,8,16,6,-9,1,1,0,1
23,23,33,15,8,4,11,8,8,6,-9,-8,1,0,1,1
23,33,33,8,4,7,8,8,4,-9,-8,23,0,1,1,1
33,33,52,4,7,9,8,4,11,-8,23,7,1,1,1,0
33,52,16,7,9,8,4,11,12,23,7,-12,1,1,0,0
52,16,47,9,8,7,11,12,4,7,-12,7,1,0,0,1
16,47,55,8,7,5,12,4,9,-12,7,13,0,0,1,1
47,55,26,7,5,6,4,9,11,7,13,4,0,1,1,1
55,26,42,5,6,8,9,11,4,13,4,8,1,1,1,0
26,42,21,6,8,6,11,4,5,4,8,-1,1,1,0,1
42,21,14,8,6,10,4,5,12,8,-1,11,1,0,1,1
21,14,32,6,10,13,5,12,11,-1,11,7,0,1,1,1
14,32,34,10,13,10,12,11,13,11,7,7,1,1,1,1
32,34,51,13,10,4,11,13,9,7,7,6,1,1,1,1
34,51,19,10,4,8,13,9,10,7,6,-1,1,1,1,1
51,19,43,4,8,12,9,10,8,6,-1,5,1,1,1,1
19,43,26,8,12,11,10,8,10,-1,5,-1,1,1,1,1
43,26,22,12,11,7,8,10,5,5,-1,10,1,1,1,1
26,22,30,11,7,11,10,5,8,-1,10,14,1,1,1,1
22,30,22,7,11,8,5,8,11,10,14,19,1,1,1,1
30,22,25,11,8,12,8,11,3,14,19,10,1,1,1,0
22,25,31,8,12,9,11,3,6,19,10,-13,1,1,0,1
25,31,37,12,9,5,3,6,5,10,-13,8,1,0,1,0
31,37,38,9,5,4,6,5,8,-13,8,0,0,1,0,0
37,38,23,5,4,11,5,8,12,8,0,2,1,0,0,1
38,23,36,4,11,8,8,12,4,0,2,7,0,0,1,1
23,36,34,11,8,4,12,4,7,2,7,6,0,1,1,1
36,34,31,8,4,5,4,7,12,7,6,8,1,1,1,1
34,31,32,4,5,7,7,12,9,6,8,11,1,1,1,1
31,32,34,5,7,8,12,9,7,8,11,12,1,1,1,0
32,34,43,7,8,13,9,7,6,11,12,6,1,1,0,0
34,43,27,8,13,6,7,6,7,12,6,-13,1,0,0,1
43,27,44,13,6,7,6,7,6,6,-13,13,0,0,1,1
27,44,23,6,7,6,7,6,7,-13,13,7,0,1,1,1
44,23,36,7,6,6,6,7,7,13,7,10,1,1,1,1
23,36,26,6,6,10,7,7,8,7,10,3,1,1,1,0
36,26,25,6,10,3,7,8,6,10,3,-5,1,1,0,1
26,25,29,10,3,6,8,6,4,3,-5,26,1,0,1,1
25,29,34,3,6,16,6,4,10,-5,26,26,0,1,1,1
29,34,26,6,16,4,4,10,9,26,26,8,1,1,1,1
34,26,14,16,4,8,10,9,10,26,8,6,1,1,1,1
26,14,48,4,8,10,9,10,6,8,6,7,1,1,1,0
14,48,29,8,10,7,10,6,6,6,7,-2,1,1,0,0
48,29,35,10,7,6,6,6,7,7,-2,6,1,0,0,1
29,35,41,7,6,10,6,7,8,-2,6,16,0,0,1,1
35,41,37,6,10,8,7,8,11,6,16,12,0,1,1,0
41,37,36,10,8,9,8,11,6,16,12,7,1,1,0,1
37,36,32,8,9,4,11,6,4,12,7,-1,1,0,1,1
36,32,28,9,4,9,6,4,11,7,-1,12,0,1,1,1
32,28,37,4,9,5,4,11,9,-1,12,5,1,1,1,1
28,37,37,9,5,9,11,9,12,12,5,-1,1,1,1,1
37,37,32,5,9,9,9,12,4,5,-1,1,1,1,1,1
37,32,32,9,9,3,12,4,11,-1,1,15,1,1,1,1
32,32,36,9,3,7,4,11,8,1,15,20,1,1,1,1
32,36,47,3,7,8,11,8,8,15,20,4,1,1,1,1
36,47,32,7,8,3,8,8,11,20,4,-2,1,1,1,1
47,32,32,8,3,8,8,11,13,4,-2,16,1,1,1,0
32,32,43,3,8,13,11,13,15,-2,16,-5,1,1,0,0
32,43,33,8,13,9,13,15,6,16,-5,-9,1,0,0,1
43,33,20,13,9,5,15,6,13,-5,-9,17,0,0,1,1
33,20,36,9,5,6,6,13,9,-9,17,8,0,1,1,1
20,36,26,5,6,7,13,9,14,17,8,18,1,1,1,1
36,26,40,6,7,13,9,14,6,8,18,12,1,1,1,1
26,40,23,7,13,6,14,6,10,18,12,2,1,1,1,1
40,23,30,13,6,8,6,10,7,12,2,3,1,1,1,1
23,30,29,6,8,12,10,7,12,2,3,13,1,1,1,1
30,29,32,8,12,9,7,12,9,3,13,14,1,1,1,1
29,32,38,12,9,6,12,9,9,13,14,9,1,1,1,0
32,38,27,9,6,5,9,9,10,14,9,-5,1,1,0,1
38,27,34,6,5,7,9,10,8,9,-5,8,1,0,1,1
27,34,23,5,7,9,10,8,7,-5,8,10,0,1,1,1
34,23,27,7,9,13,8,7,6,8,10,11,1,1,1,0
23,27,42,9,13,7,7,6,9,10,11,-1,1,1,0,0
27,42,31,13,7,4,6,9,3,11,-1,1,1,0,0,0
42,31,31,7,4,4,9,3,3,-1,1,1,0,0,0,0
31,31,20,4,4,7,3,3,10,1,1,-6,0,0,0,0
31,20,20,4,7,7,3,10,10,1,-6,-6,0,0,0,0
20,20,20,7,7,11,10,10,14,-6,-6,4,0,0,0,0
20,20,20,7,11,11,10,14,14,-6,4,4,0,0,0,0
20,20,35,11,11,10,14,14,9,4,4,0,0,0,0,0
20,35,35,11,10,10,14,9,9,4,0,0,0,0,0,1
35,35,23,10,10,2,9,9,11,0,0,11,0,0,1,1
35,23,23,10,2,2,9,11,11,0,11,11,0,1,1,1
23,23,32,2,2,2,11,11,5,11,11,4,1,1,1,1
23,32,32,2,2,2,11,5,5,11,4,4,1,1,1,0
32,32,29,2,2,3,5,5,11,4,4,-1,1,1,0,0
32,29,29,2,3,3,5,11,11,4,-1,-1,1,0,0,0
29,29,25,3,3,5,11,11,6,-1,-1,-1,0,0,0,0
29,25,25,3,5,5,11,6,6,-1,-1,-1,0,0,0,0
25,25,25,5,5,6,6,6,4,-1,-1,-15,0,0,0,0
25,25,25,5,6,6,6,4,4,-1,-15,-15,0,0,0,1
25,25,20,6,6,8,4,4,6,-15,-15,11,0,0,1,1
25,20,20,6,8,8,4,6,6,-15,11,11,0,1,1,1
20,20,30,8,8,6,6,6,5,11,11,3,1,1,1,1
20,30,30,8,6,6,6,5,5,11,3,3,1,1,1,1
30,30,17,6,6,6,5,5,6,3,3,17,1,1,1,1
30,17,17,6,6,6,5,6,6,3,17,17,1,1,1,1
17,17,33,6,6,7,6,6,9,17,17,0,1,1,1,1
17,33,33,6,7,7,6,9,9,17,0,0,1,1,1,1
33,33,20,7,7,4,9,9,7,0,0,11,1,1,1,1
33,20,20,7,4,4,9,7,7,0,11,11,1,1,1,1
20,20,21,4,4,13,7,7,5,11,11,0,1,1,1,1
20,21,21,4,13,13,7,5,5,11,0,0,1,1,1,1
21,21,32,13,13,11,5,5,10,0,0,31,1,1,1,1
21,32,32,13,11,11,5,10,10,0,31,31,1,1,1,1
32,32,32,11,11,7,10,10,6,31,31,6,1,1,1,1
32,32,32,11,7,7,10,6,6,31,6,6,1,1,1,1
32,32,18,7,7,10,6,6,8,6,6,16,1,1,1,1
32,18,18,7,10,10,6,8,8,6,16,16,1,1,1,1
18,18,20,10,10,6,8,8,9,16,16,16,1,1,1,1
18,20,20,10,6,6,8,9,9,16,16,16,1,1,1,1
20,20,25,6,6,7,9,9,10,16,16,6,1,1,1,1
20,25,25,6,7,7,9,10,10,16,6,6,1,1,1,1
25,25,26,7,7,10,10,10,5,6,6,7,1,1,1,1
25,26,26,7,10,10,10,5,5,6,7,7,1,1,1,1
26,26,44,10,10,13,5,5,6,7,7,5,1,1,1,1
26,44,44,10,13,13,5,6,6,7,5,5,1,1,1,0
44,44,27,13,13,8,6,6,6,5,5,-3,1,1,0,0
44,27,27,13,8,8,6,6,6,5,-3,-3,1,0,0,0
27,27,34,8,8,10,6,6,7,-3,-3,-5,0,0,0,0
27,34,34,8,10,10,6,7,7,-3,-5,-5,0,0,0,0
34,34,24,10,10,11,7,7,5,-5,-5,5,0,0,0,0
34,24,24,10,11,11,7,5,5,-5,5,5,0,0,0,1
24,24,39,11,11,8,5,5,9,5,5,4,0,0,1,1
24,39,39,11,8,8,5,9,9,5,4,4,0,1,1,1
39,39,23,8,8,4,9,9,13,4,4,6,1,1,1,1
39,23,23,8,4,4,9,13,13,4,6,6,1,1,1,1
23,23,51,4,4,11,13,13,8,6,6,2,1,1,1,1
23,51,51,4,11,11,13,8,8,6,2,2,1,1,1,1
51,51,41,11,11,13,8,8,8,2,2,18,1,1,1,1
51,41,41,11,13,13,8,8,8,2,18,18,1,1,1,0
41,41,22,13,13,7,8,8,7,18,18,1,1,1,0,0
41,22,22,13,7,7,8,7,7,18,1,1,1,0,0,1
22,22,27,7,7,6,7,7,5,1,1,9,0,0,1,1
22,27,27,7,6,6,7,5,5,1,9,9,0,1,1,0
27,27,29,6,6,10,5,5,5,9,9,3,1,1,0,0
27,29,29,6,10,10,5,5,5,9,3,3,1,0,0,1
29,29,25,10,10,9,5,5,7,3,3,-3,0,0,1,1
29,25,25,10,9,9,5,7,7,3,-3,-3,0,1,1,0
25,25,27,9,9,7,7,7,5,-3,-3,-3,1,1,0,0
25,27,27,9,7,7,7,5,5,-3,-3,-3,1,0,0,0
27,27,29,7,7,6,5,5,4,-3,-3,0,0,0,0,0
27,29,29,7,6,6,5,4,4,-3,0,0,0,0,0,0
29,29,26,6,6,8,4,4,6,0,0,-4,0,0,0,0
29,26,26,6,8,8,4,6,6,0,-4,-4,0,0,0,0
26,26,31,8,8,11,6,6,8,-4,-4,-2,0,0,0,0
26,31,31,8,11,11,6,8,8,-4,-2,-2,0,0,0,1
31,31,19,11,11,8,8,8,9,-2,-2,8,0,0,1,1
31,19,19,11,8,8,8,9,9,-2,8,8,0,1,1,1
19,19,21,8,8,6,9,9,8,8,8,22,1,1,1,1
19,21,21,8,6,6,9,8,8,8,22,22,1,1,1,0
21,21,19,6,6,8,8,8,3,22,22,-6,1,1,0,0
21,19,19,6,8,8,8,3,3,22,-6,-6,1,0,0,1
19,19,33,8,8,6,3,3,2,-6,-6,16,0,0,1,1
19,33,33,8,6,6,3,2,2,-6,16,16,0,1,1,1
33,33,19,6,6,8,2,2,7,16,16,6,1,1,1,1
33,19,19,6,8,8,2,7,7,16,6,6,1,1,1,1
19,19,32,8,8,10,7,7,2,6,6,17,1,1,1,1
19,32,32,8,10,10,7,2,2,6,17,17,1,1,1,1
32,32,33,10,10,10,2,2,7,17,17,5,1,1,1,1
32,33,33,10,10,10,2,7,7,17,5,5,1,1,1,0
33,33,27,10,10,10,7,7,12,5,5,-9,1,1,0,0
33,27,27,10,10,10,7,12,12,5,-9,-9,1,0,0,1
27,27,35,10,10,8,12,12,8,-9,-9,20,0,0,1,1
27,35,35,10,8,8,12,8,8,-9,20,20,0,1,1,1
35,35,27,8,8,6,8,8,10,20,20,15,1,1,1,1
35,27,27,8,6,6,8,10,10,20,15,15,1,1,1,1
27,27,31,6,6,11,10,10,7,15,15,13,1,1,1,1
27,31,31,6,11,11,10,7,7,15,13,13,1,1,1,0
31,31,29,11,11,2,7,7,8,13,13,-10,1,1,0,0
31,29,29,11,2,2,7,8,8,13,-10,-10,1,0,0,1
29,29,34,2,2,10,8,8,7,-10,-10,7,0,0,1,1
29,34,34,2,10,10,8,7,7,-10,7,7,0,1,1,1
34,34,37,10,10,10,7,7,6,7,7,27,1,1,1,1
34,37,37,10,10,10,7,6,6,7,27,27,1,1,1,1
37,37,26,10,10,6,6,6,5,27,27,-8,1,1,1,1
37,26,26,10,6,6,6,5,5,27,-8,-8,1,1,1,1
26,26,35,6,6,6,5,5,7,-8,-8,5,1,1,1,1
26,35,35,6,6,6,5,7,7,-8,5,5,1,1,1,1
35,35,34,6,6,8,7,7,10,5,5,14,1,1,1,1
35,34,34,6,8,8,7,10,10,5,14,14,1,1,1,0
34,34,28,8,8,7,10,10,6,14,14,-1,1,1,0,0
34,28,28,8,7,7,10,6,6,14,-1,-1,1,0,0,1
28,28,33,7,7,8,6,6,13,-1,-1,31,0,0,1,1
28,33,33,7,8,8,6,13,13,-1,31,31,0,1,1,1
33,33,32,8,8,7,13,13,9,31,31,7,1,1,1,1
33,32,32,8,7,7,13,9,9,31,7,7,1,1,1,0
32,32,26,7,7,11,9,9,7,7,7,-5,1,1,0,0
32,26,26,7,11,11,9,7,7,7,-5,-5,1,0,0,0
26,26,23,11,11,13,7,7,7,-5,-5,-9,0,0,0,0
26,23,23,11,13,13,7,7,7,-5,-9,-9,0,0,0,0
23,23,35,13,13,5,7,7,6,-9,-9,-16,0,0,0,0
23,35,35,13,5,5,7,6,6,-9,-16,-16,0,0,0,1
35,35,33,5,5,5,6,6,10,-16,-16,19,0,0,1,1
35,33,33,5,5,5,6,10,10,-16,19,19,0,1,1,1
33,33,31,5,5,8,10,10,8,19,19,0,1,1,1,1
33,31,31,5,8,8,10,8,8,19,0,0,1,1,1,1
31,31,28,8,8,9,8,8,5,0,0,9,1,1,1,1
31,28,28,8,9,9,8,5,5,0,9,9,1,1,1,0
28,28,28,9,9,13,5,5,5,9,9,-4,1,1,0,0
28,28,28,9,13,13,5,5,5,9,-4,-4,1,0,0,1
28,28,18,13,13,5,5,5,5,-4,-4,9,0,0,1,1
28,18,18,13,5,5,5,5,5,-4,9,9,0,1,1,1
18,18,32,5,5,6,5,5,7,9,9,6,1,1,1,1
18,32,32,5,6,6,5,7,7,9,6,6,1,1,1,1
32,32,31,6,6,8,7,7,7,6,6,4,1,1,1,1
32,31,31,6,8,8,7,7,7,6,4,4,1,1,1,1
31,31,35,8,8,11,7,7,5,4,4,3,1,1,1,1
31,35,35,8,11,11,7,5,5,4,3,3,1,1,1,0
35,35,40,11,11,8,5,5,5,3,3,-6,1,1,0,0
35,40,40,11,8,8,5,5,5,3,-6,-6,1,0,0,1
40,40,19,8,8,12,5,5,8,-6,-6,19,0,0,1,1
40,19,19,8,12,12,5,8,8,-6,19,19,0,1,1,1
19,19,30,12,12,9,8,8,2,19,19,11,1,1,1,1
19,30,30,12,9,9,8,2,2,19,11,11,1,1,1,1
30,30,24,9,9,5,2,2,6,11,11,5,1,1,1,1
30,24,24,9,5,5,2,6,6,11,5,5,1,1,1,0
24,24,17,5,5,6,6,6,10,5,5,-1,1,1,0,0
24,17,17,5,6,6,6,10,10,5,-1,-1,1,0,0,1
17,17,25,6,6,11,10,10,8,-1,-1,23,0,0,1,1
17,25,25,6,11,11,10,8,8,-1,23,23,0,1,1,1
25,25,20,11,11,9,8,8,8,23,23,12,1,1,1,1
25,20,20,11,9,9,8,8,8,23,12,12,1,1,1,1
20,20,38,9,9,11,8,8,6,12,12,8,1,1,1,1
20,38,38,9,11,11,8,6,6,12,8,8,1,1,1,0
38,38,35,11,11,10,6,6,6,8,8,7,1,1,0,0
38,35,35,11,10,10,6,6,6,8,7,7,1,0,0,0
35,35,25,10,10,13,6,6,7,7,7,-13,0,0,0,0
35,25,25,10,13,13,6,7,7,7,-13,-13,0,0,0,1
25,25,31,13,13,11,7,7,2,-13,-13,7,0,0,1,1
25,31,31,13,11,11,7,2,2,-13,7,7,0,1,1,1
31,31,27,11,11,8,2,2,4,7,7,3,1,1,1,1
31,27,27,11,8,8,2,4,4,7,3,3,1,1,1,0
27,27,19,8,8,11,4,4,8,3,3,0,1,1,0,0
27,19,19,8,11,11,4,8,8,3,0,0,1,0,0,0
19,19,35,11,11,5,8,8,4,0,0,5,0,0,0,0
19,35,35,11,5,5,8,4,4,0,5,5,0,0,0,1
35,35,29,5,5,7,4,4,8,5,5,10,0,0,1,1
35,29,29,5,7,7,4,8,8,5,10,10,0,1,1,1
29,29,14,7,7,12,8,8,7,10,10,13,1,1,1,1
29,14,14,7,12,12,8,7,7,10,13,13,1,1,1,1
14,14,20,12,12,8,7,7,6,13,13,15,1,1,1,1
14,20,20,12,8,8,7,6,6,13,15,15,1,1,1,1
20,20,17,8,8,6,6,6,10,15,15,8,1,1,1,1
20,17,17,8,6,6,6,10,10,15,8,8,1,1,1,0
17,17,17,6,6,3,10,10,7,8,8,-10,1,1,0,0
17,17,17,6,3,3,10,7,7,8,-10,-10,1,0,0,0
17,17,24,3,3,9,7,7,2,-10,-10,-14,0,0,0,0
17,24,24,3,9,9,7,2,2,-10,-14,-14,0,0,0,1
24,24,19,9,9,9,2,2,5,-14,-14,9,0,0,1,1
24,19,19,9,9,9,2,5,5,-14,9,9,0,1,1,1
19,19,26,9,9,4,5,5,9,9,9,9,1,1,1,1
19,26,26,9,4,4,5,9,9,9,9,9,1,1,1,0
26,26,23,4,4,4,9,9,0,9,9,-30,1,1,0,0
26,23,23,4,4,4,9,0,0,9,-30,-30,1,0,0,1
23,23,41,4,4,6,0,0,4,-30,-30,12,0,0,1,1
23,41,41,4,6,6,0,4,4,-30,12,12,0,1,1,1
41,41,34,6,6,7,4,4,10,12,12,20,1,1,1,1
41,34,34,6,7,7,4,10,10,12,20,20,1,1,1,0
34,34,21,7,7,6,10,10,6,20,20,-6,1,1,0,0
34,21,21,7,6,6,10,6,6,20,-6,-6,1,0,0,0
21,21,36,6,6,7,6,6,7,-6,-6,-6,0,0,0,0
21,36,36,6,7,7,6,7,7,-6,-6,-6,0,0,0,0
36,36,30,7,7,6,7,7,5,-6,-6,-1,0,0,0,0
36,30,30,7,6,6,7,5,5,-6,-1,-1,0,0,0,1
30,30,29,6,6,10,5,5,3,-1,-1,18,0,0,1,1
30,29,29,6,10,10,5,3,3,-1,18,18,0,1,1,1
29,29,37,10,10,6,3,3,7,18,18,-4,1,1,1,1
29,37,37,10,6,6,3,7,7,18,-4,-4,1,1,1,1
37,37,27,6,6,11,7,7,6,-4,-4,11,1,1,1,1
37,27,27,6,11,11,7,6,6,-4,11,11,1,1,1,1
27,27,32,11,11,8,6,6,5,11,11,12,1,1,1,1
27,32,32,11,8,8,6,5,5,11,12,12,1,1,1,0
32,32,23,8,8,7,5,5,5,12,12,-21,1,1,0,1
32,23,20,8,7,9,5,5,11,12,-21,7,1,0,1,1
23,20,38,7,9,10,5,11,6,-21,7,8,0,1,1,0
20,38,30,9,10,5,11,6,7,7,8,-15,1,1,0,1
38,30,27,10,5,7,6,7,12,8,-15,9,1,0,1,1
30,27,21,5,7,7,7,12,3,-15,9,20,0,1,1,1
27,21,28,7,7,10,12,3,8,9,20,5,1,1,1,1
21,28,30,7,10,6,3,8,5,20,5,7,1,1,1,1
28,30,23,10,6,9,8,5,7,5,7,-1,1,1,1,1
30,23,21,6,9,9,5,7,6,7,-1,14,1,1,1,0
23,21,26,9,9,13,7,6,11,-1,14,-3,1,1,0,0
21,26,31,9,13,10,6,11,9,14,-3,-17,1,0,0,1
26,31,27,13,10,7,11,9,6,-3,-17,12,0,0,1,0
31,27,31,10,7,3,9,6,5,-17,12,-3,0,1,0,1
27,31,22,7,3,6,6,5,11,12,-3,12,1,0,1,1
31,22,30,3,6,9,5,11,7,-3,12,14,0,1,1,1
22,30,29,6,9,8,11,7,9,12,14,13,1,1,1,1
30,29,27,9,8,12,7,9,8,14,13,12,1,1,1,0
29,27,35,8,12,6,9,8,5,13,12,-2,1,1,0,0
27,35,26,12,6,6,8,5,7,12,-2,-8,1,0,0,1
35,26,36,6,6,8,5,7,11,-2,-8,4,0,0,1,1
26,36,32,6,8,12,7,11,9,-8,4,12,0,1,1,0
36,32,30,8,12,6,11,9,2,4,12,-18,1,1,0,0
32,30,22,12,6,10,9,2,4,12,-18,-5,1,0,0,0
30,22,15,6,10,10,2,4,9,-18,-5,-9,0,0,0,0
22,15,32,10,10,4,4,9,6,-5,-9,1,0,0,0,1
15,32,39,10,4,7,9,6,8,-9,1,13,0,0,1,1
32,39,31,4,7,10,6,8,11,1,13,9,0,1,1,0
39,31,34,7,10,16,8,11,7,13,9,-2,1,1,0,0
31,34,28,10,16,6,11,7,3,9,-2,-9,1,0,0,1
34,28,30,16,6,8,7,3,7,-2,-9,29,0,0,1,1
28,30,31,6,8,8,3,7,8,-9,29,8,0,1,1,1
30,31,32,8,8,6,7,8,5,29,8,4,1,1,1,1
31,32,32,8,6,7,8,5,4,8,4,7,1,1,1,1
32,32,30,6,7,6,5,4,9,4,7,21,1,1,1,1
32,30,39,7,6,12,4,9,7,7,21,15,1,1,1,1
30,39,24,6,12,6,9,7,11,21,15,16,1,1,1,1
39,24,28,12,6,3,7,11,8,15,16,6,1,1,1,1
24,28,40,6,3,8,11,8,16,16,6,11,1,1,1,1
28,40,18,3,8,8,8,16,10,6,11,-1,1,1,1,1
40,18,29,8,8,11,16,10,7,11,-1,9,1,1,1,1
18,29,26,8,11,3,10,7,2,-1,9,8,1,1,1,1
29,26,13,11,3,6,7,2,7,9,8,23,1,1,1,1
26,13,27,3,6,7,2,7,8,8,23,7,1,1,1,1
13,27,28,6,7,10,7,8,7,23,7,5,1,1,1,1
27,28,37,7,10,7,8,7,12,7,5,13,1,1,1,1
28,37,25,10,7,12,7,12,10,5,13,1,1,1,1,1
37,25,29,7,12,8,12,10,8,13,1,14,1,1,1,1
25,29,24,12,8,9,10,8,11,1,14,25,1,1,1,0
29,24,32,8,9,7,8,11,3,14,25,2,1,1,0,1
24,32,17,9,7,6,11,3,8,25,2,8,1,0,1,0
32,17,26,7,6,7,3,8,6,2,8,-3,0,1,0,1
17,26,18,6,7,5,8,6,6,8,-3,-1,1,0,1,1
26,18,39,7,5,6,6,6,4,-3,-1,0,0,1,1,1
18,39,22,5,6,9,6,4,7,-1,0,7,1,1,1,1
39,22,28,6,9,8,4,7,8,0,7,0,1,1,1,1
22,28,26,9,8,5,7,8,4,7,0,-4,1,1,1,0
28,26,23,8,5,5,8,4,6,0,-4,-6,1,1,0,0
26,23,17,5,5,14,4,6,6,-4,-6,-2,1,0,0,1
23,17,25,5,14,9,6,6,9,-6,-2,6,0,0,1,1
17,25,38,14,9,8,6,9,6,-2,6,-4,0,1,1,0
25,38,33,9,8,8,9,6,8,6,-4,-10,1,1,0,1
38,33,26,8,8,6,6,8,10,-4,-10,4,1,0,1,0
33,26,26,8,6,5,8,10,5,-10,4,-11,0,1,0,1
26,26,30,6,5,4,10,5,5,4,-11,1,1,0,1,0
26,30,32,5,4,5,5,5,6,-11,1,1,0,1,0,0
30,32,36,4,5,7,5,6,5,1,1,-1,1,0,0,0
32,36,25,5,7,8,6,5,7,1,-1,-15,0,0,0,1
36,25,34,7,8,8,5,7,6,-1,-15,15,0,0,1,0
25,34,30,8,8,4,7,6,6,-15,15,0,0,1,0,1
34,30,29,8,4,8,6,6,4,15,0,10,1,0,1,1
30,29,27,4,8,13,6,4,6,0,10,4,0,1,1,0
29,27,34,8,13,3,4,6,3,10,4,-17,1,1,0,1
27,34,30,13,3,8,6,3,7,4,-17,14,1,0,1,1
34,30,24,3,8,8,3,7,11,-17,14,6,0,1,1,1
30,24,31,8,8,8,7,11,12,14,6,3,1,1,1,0
24,31,13,8,8,7,11,12,5,6,3,0,1,1,0,1
31,13,37,8,7,9,12,5,3,3,0,8,1,0,1,1
13,37,36,7,9,13,5,3,9,0,8,-2,0,1,1,1
37,36,42,9,13,9,3,9,6,8,-2,19,1,1,1,1
36,42,31,13,9,4,9,6,4,-2,19,21,1,1,1,1
42,31,61,9,4,7,6,4,4,19,21,16,1,1,1,0
31,61,22,4,7,1,4,4,6,21,16,-15,1,1,0,0
61,22,19,7,1,8,4,6,7,16,-15,-10,1,0,0,0
22,19,17,1,8,9,6,7,8,-15,-10,6,0,0,0,1
19,17,23,8,9,7,7,8,8,-10,6,16,0,0,1,0
17,23,19,9,7,5,8,8,7,6,16,2,0,1,0,0
23,19,21,7,5,6,8,7,6,16,2,-8,1,0,0,1
19,21,24,5,6,5,7,6,6,2,-8,11,0,0,1,1
21,24,43,6,5,6,6,6,4,-8,11,11,0,1,1,1
24,43,15,5,6,6,6,4,7,11,11,4,1,1,1,0
43,15,25,6,6,8,4,7,9,11,4,-6,1,1,0,1
15,25,32,6,8,6,7,9,5,4,-6,4,1,0,1,0
25,32,38,8,6,8,9,5,5,-6,4,2,0,1,0,1
32,38,32,6,8,7,5,5,8,4,2,22,1,0,1,0
38,32,34,8,7,8,5,8,5,2,22,7,0,1,0,1
32,34,38,7,8,5,8,5,6,22,7,2,1,0,1,0
34,38,29,8,5,10,5,6,6,7,2,-2,0,1,0,0
38,29,37,5,10,6,6,6,5,2,-2,-8,1,0,0,0
29,37,27,10,6,8,6,5,5,-2,-8,-13,0,0,0,0
37,27,17,6,8,5,5,5,4,-8,-13,-13,0,0,0,1
27,17,36,8,5,8,5,4,5,-13,-13,-3,0,0,1,0
17,36,11,5,8,7,4,5,7,-13,-3,-15,0,1,0,0
36,11,31,8,7,3,5,7,4,-3,-15,3,1,0,0,1
11,31,22,7,3,7,7,4,11,-15,3,14,0,0,1,1
31,22,32,3,7,11,4,11,9,3,14,15,0,1,1,1
22,32,41,7,11,4,11,9,7,14,15,10,1,1,1,0
32,41,22,11,4,9,9,7,5,15,10,-13,1,1,0,0
41,22,22,4,9,4,7,5,4,10,-13,-13,1,0,0,0
22,22,15,9,4,1,5,4,10,-13,-13,-8,0,0,0,1
22,15,29,4,1,10,4,10,8,-13,-8,24,0,0,1,1
15,29,26,1,10,5,10,8,10,-8,24,15,0,1,1,1
29,26,19,10,5,5,8,10,12,24,15,12,1,1,1,1
26,19,24,5,5,7,10,12,13,15,12,11,1,1,1,1
19,24,35,5,7,2,12,13,4,12,11,7,1,1,1,0
24,35,41,7,2,5,13,4,5,11,7,-3,1,1,0,1
35,41,27,2,5,7,4,5,14,7,-3,16,1,0,1,1
41,27,22,5,7,4,5,14,9,-3,16,-5,0,1,1,1
27,22,25,7,4,1,14,9,11,16,-5,8,1,1,1,1
22,25,24,4,1,4,9,11,3,-5,8,22,1,1,1,0
25,24,30,1,4,4,11,3,8,8,22,-9,1,1,0,1
24,30,29,4,4,5,3,8,8,22,-9,7,1,0,1,0
30,29,33,4,5,7,8,8,5,-9,7,4,0,1,0,1
29,33,36,5,7,4,8,5,5,7,4,15,1,0,1,1
33,36,32,7,4,11,5,5,7,4,15,8,0,1,1,1
36,32,26,4,11,5,5,7,4,15,8,16,1,1,1,1
32,26,26,11,5,7,7,4,9,8,16,14,1,1,1,1
26,26,34,5,7,7,4,9,5,16,14,5,1,1,1,1
26,34,32,7,7,6,9,5,7,14,5,0,1,1,1,1
34,32,36,7,6,6,5,7,5,5,0,25,1,1,1,1
32,36,18,6,6,3,7,5,11,0,25,19,1,1,1,0
36,18,25,6,3,6,5,11,5,25,19,-3,1,1,0,0
18,25,31,3,6,5,11,5,4,19,-3,-27,1,0,0,1
25,31,19,6,5,7,5,4,11,-3,-27,27,0,0,1,1
31,19,42,5,7,11,4,11,5,-27,27,9,0,1,1,0
19,42,37,7,11,8,11,5,4,27,9,-8,1,1,0,1
42,37,29,11,8,6,5,4,14,9,-8,6,1,0,1,0
37,29,18,8,6,6,4,14,8,-8,6,-4,0,1,0,1
29,18,17,6,6,6,14,8,8,6,-4,19,1,0,1,1
18,17,31,6,6,5,8,8,7,-4,19,3,0,1,1,1
17,31,21,6,5,8,8,7,13,19,3,25,1,1,1,0
31,21,26,5,8,2,7,13,4,3,25,-17,1,1,0,1
21,26,16,8,2,3,13,4,7,25,-17,13,1,0,1,1
26,16,29,2,3,7,4,7,5,-17,13,-7,0,1,1,1
16,29,28,3,7,10,7,5,6,13,-7,4,1,1,1,0
29,28,24,7,10,5,5,6,9,-7,4,-1,1,1,0,1
28,24,20,10,5,11,6,9,6,4,-1,-4,1,0,1,1
24,20,23,5,11,8,9,6,7,-1,-4,14,0,1,1,1
20,23,20,11,8,10,6,7,12,-4,14,10,1,1,1,1
23,20,21,8,10,9,7,12,8,14,10,0,1,1,1,0
20,21,25,10,9,10,12,8,5,10,0,1,1,1,0,1
21,25,23,9,10,5,8,5,3,0,1,14,1,0,1,1
25,23,31,10,5,4,5,3,13,1,14,24,0,1,1,1
23,31,29,5,4,6,3,13,4,14,24,1,1,1,1,1
31,29,31,4,6,7,13,4,8,24,1,4,1,1,1,1
29,31,31,6,7,3,4,8,6,1,4,17,1,1,1,0
31,31,37,7,3,12,8,6,5,4,17,-2,1,1,0,0
31,37,30,3,12,6,6,5,3,17,-2,-6,1,0,0,1
37,30,27,12,6,9,5,3,6,-2,-6,13,0,0,1,1
30,27,15,6,9,6,3,6,13,-6,13,29,0,1,1,0
27,15,24,9,6,6,6,13,8,13,29,13,1,1,0,1
15,24,25,6,6,13,13,8,5,29,13,1,1,0,1,1
24,25,26,6,13,9,8,5,5,13,1,-1,0,1,1,0
25,26,24,13,9,13,5,5,4,1,-1,-12,1,1,0,0
26,24,37,9,13,7,5,4,8,-1,-12,-4,1,0,0,1
24,37,33,13,7,10,4,8,3,-12,-4,7,0,0,1,1
37,33,24,7,10,7,8,3,3,-4,7,17,0,1,1,1
33,24,33,10,7,9,3,3,11,7,17,5,1,1,1,1
24,33,24,7,9,9,3,11,5,17,5,7,1,1,1,0
33,24,25,9,9,9,11,5,2,5,7,-9,1,1,0,1
24,25,14,9,9,4,5,2,7,7,-9,3,1,0,1,1
25,14,34,9,4,10,2,7,4,-9,3,2,0,1,1,1
14,34,37,4,10,7,7,4,9,3,2,11,1,1,1,1
34,37,27,10,7,10,4,9,7,2,11,2,1,1,1,0
37,27,22,7,10,7,9,7,5,11,2,9,1,1,0,1
27,22,19,10,7,7,7,5,7,2,9,10,1,0,1,1
22,19,22,7,7,5,5,7,12,9,10,21,0,1,1,0
19,22,26,7,5,13,7,12,9,10,21,-2,1,1,0,1
22,26,25,5,13,4,12,9,9,21,-2,1,1,0,1,1
26,25,20,13,4,9,9,9,8,-2,1,19,0,1,1,1
25,20,24,4,9,12,9,8,6,1,19,-1,1,1,1,0
20,24,23,9,12,6,8,6,6,19,-1,-9,1,1,0,0
24,23,30,12,6,7,6,6,4,-1,-9,-7,1,0,0,1
23,30,27,6,7,3,6,4,8,-9,-7,8,0,0,1,1
30,27,29,7,3,7,4,8,11,-7,8,16,0,1,1,1
27,29,25,3,7,7,8,11,11,8,16,22,1,1,1,0
29,25,12,7,7,8,11,11,5,16,22,-4,1,1,0,0
25,12,25,7,8,8,11,5,7,22,-4,10,1,0,0,1
12,25,33,8,8,5,5,7,4,-4,10,12,0,0,1,1
25,33,28,8,5,11,7,4,8,10,12,4,0,1,1,0
33,28,28,5,11,9,4,8,5,12,4,-9,1,1,0,1
28,28,25,11,9,11,8,5,6,4,-9,16,1,0,1,0
28,25,23,9,11,12,5,6,3,-9,16,6,0,1,0,1
25,23,18,11,12,7,6,3,8,16,6,-5,1,0,1,1
23,18,26,12,7,6,3,8,8,6,-5,12,0,1,1,0
18,26,30,7,6,6,8,8,5,-5,12,-8,1,1,0,1
26,30,27,6,6,11,8,5,11,12,-8,20,1,0,1,1
30,27,29,6,11,16,5,11,9,-8,20,6,0,1,1,1
27,29,31,11,16,8,11,9,12,20,6,10,1,1,1,0
29,31,33,16,8,7,9,12,3,6,10,7,1,1,0,1
31,33,21,8,7,8,12,3,7,10,7,0,1,0,1,1
33,21,23,7,8,6,3,7,9,7,0,1,0,1,1,0
21,23,23,8,6,9,7,9,5,0,1,7,1,1,0,1
23,23,27,6,9,10,9,5,5,1,7,7,1,0,1,1
23,27,19,9,10,8,5,5,8,7,7,12,0,1,1,1
27,19,28,10,8,9,5,8,15,7,12,1,1,1,1,1
19,28,31,8,9,10,8,15,13,12,1,17,1,1,1,1
28,31,26,9,10,10,15,13,13,1,17,2,1,1,1,0
31,26,27,10,10,5,13,13,13,17,2,-3,1,1,0,1
26,27,34,10,5,8,13,13,7,2,-3,9,1,0,1,1
27,34,27,5,8,8,13,7,8,-3,9,22,0,1,1,1
34,27,44,8,8,9,7,8,10,9,22,-1,1,1,1,1
27,44,26,8,9,7,8,10,9,22,-1,17,1,1,1,1
44,26,34,9,7,12,10,9,7,-1,17,8,1,1,1,1
26,34,31,7,12,13,9,7,4,17,8,4,1,1,1,1
34,31,23,12,13,8,7,4,11,8,4,1,1,1,1,1
31,23,26,13,8,7,4,11,6,4,1,-4,1,1,1,0
23,26,31,8,7,8,11,6,7,1,-4,-13,1,1,0,1
26,31,28,7,8,8,6,7,4,-4,-13,-2,1,0,1,0
31,28,29,8,8,6,7,4,5,-13,-2,-8,0,1,0,1
28,29,16,8,6,2,4,5,15,-2,-8,16,1,0,1,1
29,16,21,6,2,9,5,15,15,-8,16,14,0,1,1,0
16,21,29,2,9,6,15,15,7,16,14,-16,1,1,0,0
21,29,26,9,6,10,15,7,12,14,-16,-10,1,0,0,0
29,26,24,6,10,13,7,12,11,-16,-10,-1,0,0,0,1
26,24,25,10,13,14,12,11,8,-10,-1,11,0,0,1,0
24,25,23,13,14,9,11,8,9,-1,11,-8,0,1,0,1
25,23,32,14,9,5,8,9,10,11,-8,11,1,0,1,1
23,32,32,9,5,7,9,10,17,-8,11,0,0,1,1,1
32,32,25,5,7,6,10,17,9,11,0,8,1,1,1,0
32,25,18,7,6,5,17,9,7,0,8,-4,1,1,0,1
25,18,25,6,5,8,9,7,14,8,-4,11,1,0,1,1
18,25,18,5,8,13,7,14,15,-4,11,10,0,1,1,1
25,18,24,8,13,10,14,15,6,11,10,8,1,1,1,0
18,24,28,13,10,13,15,6,10,10,8,-3,1,1,0,1
24,28,38,10,13,13,6,10,8,8,-3,5,1,0,1,0
28,38,30,13,13,17,10,8,6,-3,5,14,0,1,0,0
38,30,29,13,17,14,8,6,10,5,14,18,1,0,0,1
30,29,24,17,14,12,6,10,12,14,18,12,0,0,1,0
29,24,30,14,12,7,10,12,5,18,12,-9,0,1,0,1
24,30,33,12,7,10,12,5,6,12,-9,14,1,0,1,1
30,33,34,7,10,6,5,6,7,-9,14,12,0,1,1,1
33,34,32,10,6,9,6,7,11,14,12,1,1,1,1,0
34,32,24,6,9,11,7,11,8,12,1,-11,1,1,0,0
32,24,26,9,11,10,11,8,8,1,-11,-3,1,0,0,1
24,26,41,11,10,14,8,8,11,-11,-3,-1,0,0,1,1
26,41,18,10,14,11,8,11,11,-3,-1,17,0,1,1,1
41,18,36,14,11,10,11,11,6,-1,17,32,1,1,1,0
18,36,27,11,10,8,11,6,7,17,32,-15,1,1,0,0